SERIES_KEY,HOME_TEAM_ID,AWAY_TEAM_ID,HOME_ABBREV,AWAY_ABBREV,HOME_WINS,TOTAL_GAMES,AWAY_WINS,SERIES_WINNER,SEASON
1610612739_1610612764,1610612764,1610612739,WAS,CLE,3,6,3,CLE,2005-06
1610612739_1610612765,1610612765,1610612739,DET,CLE,5,7,2,DET,2005-06
1610612741_1610612748,1610612741,1610612748,CHI,MIA,5,6,1,CHI,2005-06
1610612742_1610612748,1610612742,1610612748,DAL,MIA,5,6,1,DAL,2005-06
1610612742_1610612756,1610612756,1610612742,PHX,DAL,3,6,3,DAL,2005-06
1610612742_1610612759,1610612759,1610612742,SAS,DAL,4,7,3,SAS,2005-06
1610612742_1610612763,1610612763,1610612742,MEM,DAL,2,4,2,DAL,2005-06
1610612743_1610612746,1610612746,1610612743,LAC,DEN,4,5,1,LAC,2005-06
1610612746_1610612756,1610612756,1610612746,PHX,LAC,5,7,2,PHX,2005-06
1610612747_1610612756,1610612756,1610612747,PHX,LAL,5,7,2,PHX,2005-06
1610612748_1610612751,1610612748,1610612751,MIA,NJN,2,5,3,NJN,2005-06
1610612748_1610612765,1610612748,1610612765,MIA,DET,5,6,1,MIA,2005-06
1610612749_1610612765,1610612765,1610612749,DET,MIL,4,5,1,DET,2005-06
1610612751_1610612754,1610612754,1610612751,IND,NJN,3,6,3,NJN,2005-06
1610612758_1610612759,1610612758,1610612759,SAC,SAS,5,6,1,SAC,2005-06
1610612739_1610612751,1610612751,1610612739,NJN,CLE,3,6,3,CLE,2006-07
1610612739_1610612759,1610612739,1610612759,CLE,SAS,2,4,2,SAS,2006-07
1610612739_1610612764,1610612764,1610612739,WAS,CLE,2,4,2,CLE,2006-07
1610612739_1610612765,1610612739,1610612765,CLE,DET,5,6,1,CLE,2006-07
1610612741_1610612748,1610612748,1610612741,MIA,CHI,2,4,2,CHI,2006-07
1610612741_1610612765,1610612741,1610612765,CHI,DET,3,6,3,DET,2006-07
1610612742_1610612744,1610612744,1610612742,GSW,DAL,5,6,1,GSW,2006-07
1610612743_1610612759,1610612759,1610612743,SAS,DEN,2,5,3,DEN,2006-07
1610612744_1610612762,1610612762,1610612744,UTA,GSW,4,5,1,UTA,2006-07
1610612745_1610612762,1610612745,1610612762,HOU,UTA,6,7,1,HOU,2006-07
1610612747_1610612756,1610612756,1610612747,PHX,LAL,4,5,1,PHX,2006-07
1610612751_1610612761,1610612751,1610612761,NJN,TOR,5,6,1,NJN,2006-07
1610612753_1610612765,1610612753,1610612765,ORL,DET,2,4,2,DET,2006-07
1610612756_1610612759,1610612759,1610612756,SAS,PHX,3,6,3,PHX,2006-07
1610612759_1610612762,1610612759,1610612762,SAS,UTA,4,5,1,SAS,2006-07
1610612737_1610612738,1610612738,1610612737,BOS,ATL,7,7,0,BOS,2007-08
1610612738_1610612739,1610612738,1610612739,BOS,CLE,7,7,0,BOS,2007-08
1610612738_1610612747,1610612738,1610612747,BOS,LAL,5,6,1,BOS,2007-08
1610612738_1610612765,1610612765,1610612738,DET,BOS,3,6,3,BOS,2007-08
1610612739_1610612764,1610612764,1610612739,WAS,CLE,3,6,3,CLE,2007-08
1610612740_1610612742,1610612740,1610612742,NOH,DAL,4,5,1,NOH,2007-08
1610612740_1610612759,1610612740,1610612759,NOH,SAS,6,7,1,NOH,2007-08
1610612743_1610612747,1610612743,1610612747,DEN,LAL,2,4,2,LAL,2007-08
1610612745_1610612762,1610612762,1610612745,UTA,HOU,3,6,3,HOU,2007-08
1610612747_1610612759,1610612747,1610612759,LAL,SAS,4,5,1,LAL,2007-08
1610612747_1610612762,1610612762,1610612747,UTA,LAL,5,6,1,UTA,2007-08
1610612753_1610612761,1610612753,1610612761,ORL,TOR,4,5,1,ORL,2007-08
1610612753_1610612765,1610612765,1610612753,DET,ORL,4,5,1,DET,2007-08
1610612755_1610612765,1610612755,1610612765,PHI,DET,3,6,3,DET,2007-08
1610612756_1610612759,1610612759,1610612756,SAS,PHX,4,5,1,SAS,2007-08
1610612737_1610612739,1610612737,1610612739,ATL,CLE,2,4,2,CLE,2008-09
1610612737_1610612748,1610612737,1610612748,ATL,MIA,5,7,2,ATL,2008-09
1610612738_1610612741,1610612738,1610612741,BOS,CHI,5,7,2,BOS,2008-09
1610612738_1610612753,1610612738,1610612753,BOS,ORL,4,7,3,BOS,2008-09
1610612739_1610612753,1610612753,1610612739,ORL,CLE,5,6,1,ORL,2008-09
1610612739_1610612765,1610612765,1610612739,DET,CLE,2,4,2,CLE,2008-09
1610612740_1610612743,1610612743,1610612740,DEN,NOH,4,5,1,DEN,2008-09
1610612742_1610612743,1610612743,1610612742,DEN,DAL,4,5,1,DEN,2008-09
1610612742_1610612759,1610612759,1610612742,SAS,DAL,3,5,2,SAS,2008-09
1610612743_1610612747,1610612743,1610612747,DEN,LAL,3,6,3,LAL,2008-09
1610612745_1610612747,1610612747,1610612745,LAL,HOU,5,7,2,LAL,2008-09
1610612745_1610612757,1610612745,1610612757,HOU,POR,5,6,1,HOU,2008-09
1610612747_1610612753,1610612753,1610612747,ORL,LAL,3,5,2,ORL,2008-09
1610612747_1610612762,1610612747,1610612762,LAL,UTA,4,5,1,LAL,2008-09
1610612753_1610612755,1610612755,1610612753,PHI,ORL,3,6,3,ORL,2008-09
1610612737_1610612749,1610612737,1610612749,ATL,MIL,5,7,2,ATL,2009-10
1610612737_1610612753,1610612737,1610612753,ATL,ORL,2,4,2,ORL,2009-10
1610612738_1610612739,1610612738,1610612739,BOS,CLE,3,6,3,CLE,2009-10
1610612738_1610612747,1610612747,1610612738,LAL,BOS,5,7,2,LAL,2009-10
1610612738_1610612748,1610612738,1610612748,BOS,MIA,4,5,1,BOS,2009-10
1610612738_1610612753,1610612738,1610612753,BOS,ORL,3,6,3,ORL,2009-10
1610612739_1610612741,1610612739,1610612741,CLE,CHI,4,5,1,CLE,2009-10
1610612742_1610612759,1610612759,1610612742,SAS,DAL,5,6,1,SAS,2009-10
1610612743_1610612762,1610612762,1610612743,UTA,DEN,5,6,1,UTA,2009-10
1610612747_1610612756,1610612756,1610612747,PHX,LAL,5,6,1,PHX,2009-10
1610612747_1610612760,1610612760,1610612747,OKC,LAL,5,6,1,OKC,2009-10
1610612747_1610612762,1610612762,1610612747,UTA,LAL,2,4,2,LAL,2009-10
1610612753_1610612766,1610612766,1610612753,CHA,ORL,2,4,2,ORL,2009-10
1610612756_1610612757,1610612757,1610612756,POR,PHX,3,6,3,PHX,2009-10
1610612756_1610612759,1610612759,1610612756,SAS,PHX,2,4,2,PHX,2009-10
1610612737_1610612741,1610612737,1610612741,ATL,CHI,3,6,3,CHI,2010-11
1610612737_1610612753,1610612737,1610612753,ATL,ORL,5,6,1,ATL,2010-11
1610612738_1610612748,1610612748,1610612738,MIA,BOS,4,5,1,MIA,2010-11
1610612738_1610612752,1610612752,1610612738,NYK,BOS,2,4,2,BOS,2010-11
1610612740_1610612747,1610612740,1610612747,NOH,LAL,3,6,3,LAL,2010-11
1610612741_1610612748,1610612741,1610612748,CHI,MIA,3,5,2,CHI,2010-11
1610612741_1610612754,1610612741,1610612754,CHI,IND,4,5,1,CHI,2010-11
1610612742_1610612747,1610612742,1610612747,DAL,LAL,2,4,2,LAL,2010-11
1610612742_1610612748,1610612748,1610612742,MIA,DAL,3,6,3,DAL,2010-11
1610612742_1610612757,1610612757,1610612742,POR,DAL,5,6,1,POR,2010-11
1610612742_1610612760,1610612742,1610612760,DAL,OKC,2,5,3,OKC,2010-11
1610612743_1610612760,1610612760,1610612743,OKC,DEN,4,5,1,OKC,2010-11
1610612748_1610612755,1610612748,1610612755,MIA,PHI,4,5,1,MIA,2010-11
1610612759_1610612763,1610612763,1610612759,MEM,SAS,5,6,1,MEM,2010-11
1610612760_1610612763,1610612760,1610612763,OKC,MEM,5,7,2,OKC,2010-11
1610612737_1610612754,1610612737,1610612754,ATL,IND,5,6,1,ATL,2012-13
1610612738_1610612752,1610612738,1610612752,BOS,NYK,3,6,3,NYK,2012-13
1610612741_1610612748,1610612748,1610612741,MIA,CHI,2,5,3,CHI,2012-13
1610612741_1610612751,1610612751,1610612741,BKN,CHI,4,7,3,BKN,2012-13
1610612743_1610612744,1610612744,1610612743,GSW,DEN,5,6,1,GSW,2012-13
1610612744_1610612759,1610612744,1610612759,GSW,SAS,3,6,3,SAS,2012-13
1610612745_1610612760,1610612745,1610612760,HOU,OKC,3,6,3,OKC,2012-13
1610612746_1610612763,1610612763,1610612746,MEM,LAC,5,6,1,MEM,2012-13
1610612747_1610612759,1610612747,1610612759,LAL,SAS,2,4,2,SAS,2012-13
1610612748_1610612749,1610612749,1610612748,MIL,MIA,2,4,2,MIA,2012-13
1610612748_1610612754,1610612748,1610612754,MIA,IND,5,7,2,MIA,2012-13
1610612748_1610612759,1610612748,1610612759,MIA,SAS,5,7,2,MIA,2012-13
1610612752_1610612754,1610612754,1610612752,IND,NYK,5,6,1,IND,2012-13
1610612759_1610612763,1610612763,1610612759,MEM,SAS,2,4,2,SAS,2012-13
1610612760_1610612763,1610612760,1610612763,OKC,MEM,3,5,2,OKC,2012-13
1610612737_1610612754,1610612754,1610612737,IND,ATL,3,7,4,ATL,2013-14
1610612741_1610612764,1610612741,1610612764,CHI,WAS,1,5,4,WAS,2013-14
1610612742_1610612759,1610612759,1610612742,SAS,DAL,5,7,2,SAS,2013-14
1610612744_1610612746,1610612746,1610612744,LAC,GSW,5,7,2,LAC,2013-14
1610612745_1610612757,1610612757,1610612745,POR,HOU,3,6,3,HOU,2013-14
1610612746_1610612760,1610612746,1610612760,LAC,OKC,3,6,3,OKC,2013-14
1610612748_1610612751,1610612748,1610612751,MIA,BKN,4,5,1,MIA,2013-14
1610612748_1610612754,1610612748,1610612754,MIA,IND,5,6,1,MIA,2013-14
1610612748_1610612759,1610612759,1610612748,SAS,MIA,2,5,3,MIA,2013-14
1610612748_1610612766,1610612766,1610612748,CHA,MIA,2,4,2,MIA,2013-14
1610612751_1610612761,1610612761,1610612751,TOR,BKN,4,7,3,TOR,2013-14
1610612754_1610612764,1610612764,1610612754,WAS,IND,1,6,5,IND,2013-14
1610612757_1610612759,1610612759,1610612757,SAS,POR,4,5,1,SAS,2013-14
1610612759_1610612760,1610612760,1610612759,OKC,SAS,5,6,1,OKC,2013-14
1610612760_1610612763,1610612760,1610612763,OKC,MEM,3,7,4,MEM,2013-14
1610612737_1610612739,1610612739,1610612737,CLE,ATL,2,4,2,ATL,2014-15
1610612737_1610612751,1610612751,1610612737,BKN,ATL,5,6,1,BKN,2014-15
1610612737_1610612764,1610612764,1610612737,WAS,ATL,3,6,3,ATL,2014-15
1610612738_1610612739,1610612738,1610612739,BOS,CLE,2,4,2,CLE,2014-15
1610612739_1610612741,1610612741,1610612739,CHI,CLE,3,6,3,CLE,2014-15
1610612739_1610612744,1610612739,1610612744,CLE,GSW,3,6,3,GSW,2014-15
1610612740_1610612744,1610612740,1610612744,NOP,GSW,2,4,2,GSW,2014-15
1610612741_1610612749,1610612749,1610612741,MIL,CHI,3,6,3,CHI,2014-15
1610612742_1610612745,1610612745,1610612742,HOU,DAL,4,5,1,HOU,2014-15
1610612744_1610612745,1610612744,1610612745,GSW,HOU,4,5,1,GSW,2014-15
1610612744_1610612763,1610612763,1610612744,MEM,GSW,3,6,3,GSW,2014-15
1610612745_1610612746,1610612745,1610612746,HOU,LAC,5,7,2,HOU,2014-15
1610612746_1610612759,1610612746,1610612759,LAC,SAS,3,7,4,SAS,2014-15
1610612757_1610612763,1610612763,1610612757,MEM,POR,4,5,1,MEM,2014-15
1610612761_1610612764,1610612764,1610612761,WAS,TOR,2,4,2,TOR,2014-15
1610612737_1610612738,1610612738,1610612737,BOS,ATL,5,6,1,BOS,2015-16
1610612737_1610612739,1610612737,1610612739,ATL,CLE,2,4,2,CLE,2015-16
1610612739_1610612744,1610612744,1610612739,GSW,CLE,4,7,3,GSW,2015-16
1610612739_1610612761,1610612761,1610612739,TOR,CLE,5,6,1,TOR,2015-16
1610612739_1610612765,1610612765,1610612739,DET,CLE,2,4,2,CLE,2015-16
1610612742_1610612760,1610612760,1610612742,OKC,DAL,2,5,3,DAL,2015-16
1610612744_1610612745,1610612744,1610612745,GSW,HOU,4,5,1,GSW,2015-16
1610612744_1610612757,1610612744,1610612757,GSW,POR,4,5,1,GSW,2015-16
1610612744_1610612760,1610612744,1610612760,GSW,OKC,5,7,2,GSW,2015-16
1610612746_1610612757,1610612757,1610612746,POR,LAC,5,6,1,POR,2015-16
1610612748_1610612761,1610612761,1610612748,TOR,MIA,5,7,2,TOR,2015-16
1610612748_1610612766,1610612748,1610612766,MIA,CHA,5,7,2,MIA,2015-16
1610612754_1610612761,1610612761,1610612754,TOR,IND,5,7,2,TOR,2015-16
1610612759_1610612760,1610612760,1610612759,OKC,SAS,3,6,3,SAS,2015-16
1610612759_1610612763,1610612763,1610612759,MEM,SAS,2,4,2,SAS,2015-16
1610612737_1610612764,1610612737,1610612764,ATL,WAS,5,6,1,ATL,2016-17
1610612738_1610612739,1610612738,1610612739,BOS,CLE,1,5,4,CLE,2016-17
1610612738_1610612741,1610612741,1610612738,CHI,BOS,1,6,5,BOS,2016-17
1610612738_1610612764,1610612738,1610612764,BOS,WAS,7,7,0,BOS,2016-17
1610612739_1610612744,1610612744,1610612739,GSW,CLE,4,5,1,GSW,2016-17
1610612739_1610612754,1610612754,1610612739,IND,CLE,2,4,2,CLE,2016-17
1610612739_1610612761,1610612761,1610612739,TOR,CLE,2,4,2,CLE,2016-17
1610612744_1610612757,1610612757,1610612744,POR,GSW,2,4,2,GSW,2016-17
1610612744_1610612759,1610612759,1610612744,SAS,GSW,2,4,2,GSW,2016-17
1610612744_1610612762,1610612762,1610612744,UTA,GSW,2,4,2,GSW,2016-17
1610612745_1610612759,1610612745,1610612759,HOU,SAS,3,6,3,SAS,2016-17
1610612745_1610612760,1610612745,1610612760,HOU,OKC,4,5,1,HOU,2016-17
1610612746_1610612762,1610612746,1610612762,LAC,UTA,2,7,5,UTA,2016-17
1610612749_1610612761,1610612749,1610612761,MIL,TOR,3,6,3,TOR,2016-17
1610612759_1610612763,1610612763,1610612759,MEM,SAS,5,6,1,MEM,2016-17
1610612738_1610612739,1610612738,1610612739,BOS,CLE,6,7,1,BOS,2017-18
1610612738_1610612749,1610612738,1610612749,BOS,MIL,7,7,0,BOS,2017-18
1610612738_1610612755,1610612738,1610612755,BOS,PHI,4,5,1,BOS,2017-18
1610612739_1610612744,1610612739,1610612744,CLE,GSW,2,4,2,GSW,2017-18
1610612739_1610612754,1610612739,1610612754,CLE,IND,5,7,2,CLE,2017-18
1610612739_1610612761,1610612739,1610612761,CLE,TOR,2,4,2,TOR,2017-18
1610612740_1610612744,1610612744,1610612740,GSW,NOP,4,5,1,GSW,2017-18
1610612740_1610612757,1610612740,1610612757,NOP,POR,2,4,2,POR,2017-18
1610612744_1610612745,1610612745,1610612744,HOU,GSW,4,7,3,HOU,2017-18
1610612744_1610612759,1610612744,1610612759,GSW,SAS,4,5,1,GSW,2017-18
1610612745_1610612750,1610612745,1610612750,HOU,MIN,4,5,1,HOU,2017-18
1610612745_1610612762,1610612745,1610612762,HOU,UTA,2,5,3,UTA,2017-18
1610612748_1610612755,1610612755,1610612748,PHI,MIA,2,5,3,MIA,2017-18
1610612760_1610612762,1610612762,1610612760,UTA,OKC,5,6,1,UTA,2017-18
1610612761_1610612764,1610612764,1610612761,WAS,TOR,5,6,1,WAS,2017-18
1610612738_1610612749,1610612749,1610612738,MIL,BOS,2,5,3,BOS,2018-19
1610612738_1610612754,1610612754,1610612738,IND,BOS,2,4,2,BOS,2018-19
1610612743_1610612757,1610612743,1610612757,DEN,POR,4,7,3,DEN,2018-19
1610612743_1610612759,1610612743,1610612759,DEN,SAS,5,7,2,DEN,2018-19
1610612744_1610612745,1610612745,1610612744,HOU,GSW,5,6,1,HOU,2018-19
1610612744_1610612746,1610612746,1610612744,LAC,GSW,1,6,5,GSW,2018-19
1610612744_1610612757,1610612757,1610612744,POR,GSW,2,4,2,GSW,2018-19
1610612744_1610612761,1610612744,1610612761,GSW,TOR,1,6,5,TOR,2018-19
1610612745_1610612762,1610612745,1610612762,HOU,UTA,4,5,1,HOU,2018-19
1610612749_1610612761,1610612761,1610612749,TOR,MIL,5,6,1,TOR,2018-19
1610612749_1610612765,1610612765,1610612749,DET,MIL,2,4,2,MIL,2018-19
1610612751_1610612755,1610612755,1610612751,PHI,BKN,2,5,3,BKN,2018-19
1610612753_1610612761,1610612761,1610612753,TOR,ORL,2,5,3,ORL,2018-19
1610612755_1610612761,1610612761,1610612755,TOR,PHI,5,7,2,TOR,2018-19
1610612757_1610612760,1610612757,1610612760,POR,OKC,4,5,1,POR,2018-19
1610612737_1610612749,1610612737,1610612749,ATL,MIL,3,6,3,MIL,2020-21
1610612737_1610612752,1610612752,1610612737,NYK,ATL,3,5,2,NYK,2020-21
1610612737_1610612755,1610612755,1610612737,PHI,ATL,2,7,5,ATL,2020-21
1610612738_1610612751,1610612751,1610612738,BKN,BOS,4,5,1,BKN,2020-21
1610612742_1610612746,1610612746,1610612742,LAC,DAL,1,7,6,DAL,2020-21
1610612743_1610612756,1610612743,1610612756,DEN,PHX,2,4,2,PHX,2020-21
1610612743_1610612757,1610612757,1610612743,POR,DEN,3,6,3,DEN,2020-21
1610612746_1610612756,1610612746,1610612756,LAC,PHX,3,6,3,PHX,2020-21
1610612746_1610612762,1610612746,1610612762,LAC,UTA,5,6,1,LAC,2020-21
1610612747_1610612756,1610612747,1610612756,LAL,PHX,3,6,3,PHX,2020-21
1610612748_1610612749,1610612748,1610612749,MIA,MIL,2,4,2,MIL,2020-21
1610612749_1610612751,1610612751,1610612749,BKN,MIL,6,7,1,BKN,2020-21
1610612749_1610612756,1610612749,1610612756,MIL,PHX,5,6,1,MIL,2020-21
1610612755_1610612764,1610612755,1610612764,PHI,WAS,4,5,1,PHI,2020-21
1610612762_1610612763,1610612762,1610612763,UTA,MEM,2,5,3,MEM,2020-21
1610612737_1610612748,1610612748,1610612737,MIA,ATL,4,5,1,MIA,2021-22
1610612738_1610612744,1610612738,1610612744,BOS,GSW,3,6,3,GSW,2021-22
1610612738_1610612748,1610612748,1610612738,MIA,BOS,2,7,5,BOS,2021-22
1610612738_1610612749,1610612738,1610612749,BOS,MIL,3,7,4,MIL,2021-22
1610612738_1610612751,1610612751,1610612738,BKN,BOS,2,4,2,BOS,2021-22
1610612740_1610612756,1610612740,1610612756,NOP,PHX,3,6,3,PHX,2021-22
1610612741_1610612749,1610612749,1610612741,MIL,CHI,2,5,3,CHI,2021-22
1610612742_1610612744,1610612744,1610612742,GSW,DAL,4,5,1,GSW,2021-22
1610612742_1610612756,1610612756,1610612742,PHX,DAL,6,7,1,PHX,2021-22
1610612742_1610612762,1610612762,1610612742,UTA,DAL,3,6,3,DAL,2021-22
1610612743_1610612744,1610612744,1610612743,GSW,DEN,4,5,1,GSW,2021-22
1610612744_1610612763,1610612744,1610612763,GSW,MEM,5,6,1,GSW,2021-22
1610612748_1610612755,1610612755,1610612748,PHI,MIA,5,6,1,PHI,2021-22
1610612750_1610612763,1610612750,1610612763,MIN,MEM,3,6,3,MEM,2021-22
1610612755_1610612761,1610612761,1610612755,TOR,PHI,3,6,3,PHI,2021-22
1610612737_1610612738,1610612737,1610612738,ATL,BOS,3,6,3,BOS,2022-23
1610612738_1610612748,1610612738,1610612748,BOS,MIA,2,7,5,MIA,2022-23
1610612738_1610612755,1610612738,1610612755,BOS,PHI,3,7,4,PHI,2022-23
1610612739_1610612752,1610612739,1610612752,CLE,NYK,3,5,2,CLE,2022-23
1610612743_1610612747,1610612747,1610612743,LAL,DEN,2,4,2,DEN,2022-23
1610612743_1610612748,1610612743,1610612748,DEN,MIA,2,5,3,MIA,2022-23
1610612743_1610612750,1610612743,1610612750,DEN,MIN,4,5,1,DEN,2022-23
1610612743_1610612756,1610612756,1610612743,PHX,DEN,5,6,1,PHX,2022-23
1610612744_1610612747,1610612747,1610612744,LAL,GSW,5,6,1,LAL,2022-23
1610612744_1610612758,1610612758,1610612744,SAC,GSW,4,7,3,SAC,2022-23
1610612746_1610612756,1610612756,1610612746,PHX,LAC,2,5,3,LAC,2022-23
1610612747_1610612763,1610612747,1610612763,LAL,MEM,5,6,1,LAL,2022-23
1610612748_1610612749,1610612749,1610612748,MIL,MIA,3,5,2,MIL,2022-23
1610612748_1610612752,1610612748,1610612752,MIA,NYK,5,6,1,MIA,2022-23
1610612751_1610612755,1610612751,1610612755,BKN,PHI,2,4,2,PHI,2022-23
1610612738_1610612739,1610612738,1610612739,BOS,CLE,2,5,3,CLE,2023-24
1610612738_1610612742,1610612738,1610612742,BOS,DAL,4,5,1,BOS,2023-24
1610612738_1610612748,1610612738,1610612748,BOS,MIA,2,5,3,MIA,2023-24
1610612738_1610612754,1610612754,1610612738,IND,BOS,2,4,2,BOS,2023-24
1610612739_1610612753,1610612739,1610612753,CLE,ORL,7,7,0,CLE,2023-24
1610612740_1610612760,1610612740,1610612760,NOP,OKC,2,4,2,OKC,2023-24
1610612742_1610612746,1610612742,1610612746,DAL,LAC,3,6,3,LAC,2023-24
1610612742_1610612750,1610612750,1610612742,MIN,DAL,1,5,4,DAL,2023-24
1610612742_1610612760,1610612742,1610612760,DAL,OKC,3,6,3,OKC,2023-24
1610612743_1610612747,1610612743,1610612747,DEN,LAL,4,5,1,DEN,2023-24
1610612743_1610612750,1610612743,1610612750,DEN,MIN,2,7,5,MIN,2023-24
1610612749_1610612754,1610612754,1610612749,IND,MIL,5,6,1,IND,2023-24
1610612750_1610612756,1610612756,1610612750,PHX,MIN,2,4,2,MIN,2023-24
1610612752_1610612754,1610612752,1610612754,NYK,IND,6,7,1,NYK,2023-24
1610612752_1610612755,1610612755,1610612752,PHI,NYK,3,6,3,NYK,2023-24
